Series_Title,Released_Year,Certificate,Runtime,Genre,IMDB_Rating,Meta_score,Director,No_of_Votes,Gross
The Shawshank Redemption,1994,A,142,Drama,9.3,80,Frank Darabont,2343110,28341469
The Godfather,1972,A,175,Crime,9.2,100,Francis Ford Coppola,1620367,134966411
The Dark Knight,2008,UA,152,Action,9,84,Christopher Nolan,2303232,534858444
The Godfather: Part II,1974,A,202,Crime,9,90,Francis Ford Coppola,1129952,57300000
12 Angry Men,1957,U,96,Crime,9,96,Sidney Lumet,689845,4360000
The Lord of the Rings: The Return of the King,2003,U,201,Action,8.9,94,Peter Jackson,1642758,377845905
Pulp Fiction,1994,A,154,Crime,8.9,94,Quentin Tarantino,1826188,107928762
Schindler's List,1993,A,195,Biography,8.9,94,Steven Spielberg,1213505,96898818
Inception,2010,UA,148,Action,8.8,74,Christopher Nolan,2067042,292576195
Fight Club,1999,A,139,Drama,8.8,66,David Fincher,1854740,37030102
The Lord of the Rings: The Fellowship of the Ring,2001,U,178,Action,8.8,92,Peter Jackson,1661481,315544750
Forrest Gump,1994,UA,142,Drama,8.8,82,Robert Zemeckis,1809221,330252182
"Il buono, il brutto, il cattivo",1966,A,161,Western,8.8,90,Sergio Leone,688390,6100000
The Lord of the Rings: The Two Towers,2002,UA,179,Action,8.7,87,Peter Jackson,1485555,342551365
The Matrix,1999,A,136,Action,8.7,73,Lana Wachowski,1676426,171479930
Goodfellas,1990,A,146,Biography,8.7,90,Martin Scorsese,1020727,46836394
Star Wars: Episode V - The Empire Strikes Back,1980,UA,124,Action,8.7,82,Irvin Kershner,1159315,290475067
One Flew Over the Cuckoo's Nest,1975,A,133,Drama,8.7,83,Milos Forman,918088,112000000
Hamilton,2020,PG-13,160,Biography,8.6,90,Thomas Kail,55291,
Gisaengchung,2019,A,132,Comedy,8.6,96,Bong Joon Ho,552778,53367844
Soorarai Pottru,2020,U,153,Drama,8.6,,Sudha Kongara,54995,
Interstellar,2014,UA,169,Adventure,8.6,74,Christopher Nolan,1512360,188020017
Cidade de Deus,2002,A,130,Crime,8.6,79,Fernando Meirelles,699256,7563397
Sen to Chihiro no kamikakushi,2001,U,125,Animation,8.6,96,Hayao Miyazaki,651376,10055859
Saving Private Ryan,1998,R,169,Drama,8.6,91,Steven Spielberg,1235804,216540909
The Green Mile,1999,A,189,Crime,8.6,61,Frank Darabont,1147794,136801374
La vita è bella,1997,U,116,Comedy,8.6,59,Roberto Benigni,623629,57598247
Se7en,1995,A,127,Crime,8.6,65,David Fincher,1445096,100125643
The Silence of the Lambs,1991,A,118,Crime,8.6,85,Jonathan Demme,1270197,130742922
Star Wars,1977,UA,121,Action,8.6,90,George Lucas,1231473,322740140
Seppuku,1962,,133,Action,8.6,85,Masaki Kobayashi,42004,
Shichinin no samurai,1954,U,207,Action,8.6,98,Akira Kurosawa,315744,269061
It's a Wonderful Life,1946,PG,130,Drama,8.6,89,Frank Capra,405801,
Joker,2019,A,122,Crime,8.5,59,Todd Phillips,939252,335451311
Whiplash,2014,A,106,Drama,8.5,88,Damien Chazelle,717585,13092000
The Intouchables,2011,UA,112,Biography,8.5,57,Olivier Nakache,760360,13182281
The Prestige,2006,U,130,Drama,8.5,66,Christopher Nolan,1190259,53089891
The Departed,2006,A,151,Crime,8.5,85,Martin Scorsese,1189773,132384315
The Pianist,2002,R,150,Biography,8.5,85,Roman Polanski,729603,32572577
Gladiator,2000,UA,155,Action,8.5,67,Ridley Scott,1341460,187705427
American History X,1998,R,119,Drama,8.5,62,Tony Kaye,1034705,6719864
The Usual Suspects,1995,A,106,Crime,8.5,77,Bryan Singer,991208,23341568
Léon,1994,A,110,Action,8.5,64,Luc Besson,1035236,19501238
The Lion King,1994,U,88,Animation,8.5,88,Roger Allers,942045,422783777
Terminator 2: Judgment Day,1991,U,137,Action,8.5,75,James Cameron,995506,204843350
Nuovo Cinema Paradiso,1988,U,155,Drama,8.5,80,Giuseppe Tornatore,230763,11990401
Hotaru no haka,1988,U,89,Animation,8.5,94,Isao Takahata,235231,
Back to the Future,1985,U,116,Adventure,8.5,87,Robert Zemeckis,1058081,210609762
Once Upon a Time in the West,1968,U,165,Western,8.5,80,Sergio Leone,302844,5321508
Psycho,1960,A,109,Horror,8.5,97,Alfred Hitchcock,604211,32000000
Casablanca,1942,U,102,Drama,8.5,100,Michael Curtiz,522093,1024560
Modern Times,1936,G,87,Comedy,8.5,96,Charles Chaplin,217881,163245
City Lights,1931,G,87,Comedy,8.5,99,Charles Chaplin,167839,19181
Capharnaüm,2018,A,126,Drama,8.4,75,Nadine Labaki,62635,1661096
Ayla: The Daughter of War,2017,,125,Biography,8.4,,Can Ulkay,34112,
Vikram Vedha,2017,UA,147,Action,8.4,,Gayatri,28401,
Kimi no na wa.,2016,U,106,Animation,8.4,79,Makoto Shinkai,194838,5017246
Dangal,2016,U,161,Action,8.4,,Nitesh Tiwari,156479,12391761
Spider-Man: Into the Spider-Verse,2018,U,117,Animation,8.4,87,Bob Persichetti,375110,190241310
Avengers: Endgame,2019,UA,181,Action,8.4,78,Anthony Russo,809955,858373000
Avengers: Infinity War,2018,UA,149,Action,8.4,68,Anthony Russo,834477,678815482
Coco,2017,U,105,Animation,8.4,81,Lee Unkrich,384171,209726015
Django Unchained,2012,A,165,Drama,8.4,81,Quentin Tarantino,1357682,162805434
The Dark Knight Rises,2012,UA,164,Action,8.4,78,Christopher Nolan,1516346,448139099
3 Idiots,2009,UA,170,Comedy,8.4,67,Rajkumar Hirani,344445,6532908
Taare Zameen Par,2007,U,165,Drama,8.4,,Aamir Khan,168895,1223869
WALL·E,2008,U,98,Animation,8.4,95,Andrew Stanton,999790,223808164
The Lives of Others,2006,A,137,Drama,8.4,89,Florian Henckel von Donnersmarck,358685,11286112
Oldeuboi,2003,A,101,Action,8.4,77,Chan-wook Park,515451,707481
Memento,2000,UA,113,Mystery,8.4,80,Christopher Nolan,1125712,25544867
Mononoke-hime,1997,U,134,Animation,8.4,76,Hayao Miyazaki,343171,2375308
Once Upon a Time in America,1984,A,229,Crime,8.4,,Sergio Leone,311365,5321508
Raiders of the Lost Ark,1981,A,115,Action,8.4,85,Steven Spielberg,884112,248159971
The Shining,1980,A,146,Drama,8.4,66,Stanley Kubrick,898237,44017374
Apocalypse Now,1979,R,147,Drama,8.4,94,Francis Ford Coppola,606398,83471511
Alien,1979,R,117,Horror,8.4,89,Ridley Scott,787806,78900000
Anand,1971,U,122,Drama,8.4,,Hrishikesh Mukherjee,30273,
Tengoku to jigoku,1963,,143,Crime,8.4,,Akira Kurosawa,34357,
Dr. Strangelove or: How I Learned to Stop Worrying and Love the Bomb,1964,A,95,Comedy,8.4,97,Stanley Kubrick,450474,275902
Witness for the Prosecution,1957,U,116,Crime,8.4,,Billy Wilder,108862,8175000
Paths of Glory,1957,A,88,Drama,8.4,90,Stanley Kubrick,178092,
Rear Window,1954,U,112,Mystery,8.4,100,Alfred Hitchcock,444074,36764313
Sunset Blvd.,1950,Passed,110,Drama,8.4,,Billy Wilder,201632,
The Great Dictator,1940,Passed,125,Comedy,8.4,,Charles Chaplin,203150,288475
1917,2019,R,119,Drama,8.3,78,Sam Mendes,425844,159227644
Tumbbad,2018,A,104,Drama,8.3,,Rahi Anil Barve,27793,
Andhadhun,2018,UA,139,Crime,8.3,,Sriram Raghavan,71875,1373943
Drishyam,2013,U,160,Crime,8.3,,Jeethu Joseph,30722,
Jagten,2012,R,115,Drama,8.3,77,Thomas Vinterberg,281623,687185
Jodaeiye Nader az Simin,2011,PG-13,123,Drama,8.3,95,Asghar Farhadi,220002,7098492
Incendies,2010,R,131,Drama,8.3,80,Denis Villeneuve,150023,6857096
Miracle in cell NO.7,2019,TV-14,132,Drama,8.3,,Mehmet Ada Öztekin,33935,
Babam ve Oglum,2005,,112,Drama,8.3,,Çagan Irmak,78925,
Inglourious Basterds,2009,A,153,Adventure,8.3,69,Quentin Tarantino,1267869,120540719
Eternal Sunshine of the Spotless Mind,2004,UA,108,Drama,8.3,89,Michel Gondry,911664,34400301
Amélie,2001,U,122,Comedy,8.3,69,Jean-Pierre Jeunet,703810,33225499
Snatch,2000,UA,104,Comedy,8.3,55,Guy Ritchie,782001,30328156
Requiem for a Dream,2000,A,102,Drama,8.3,68,Darren Aronofsky,766870,3635482
American Beauty,1999,UA,122,Drama,8.3,84,Sam Mendes,1069738,130096601
Good Will Hunting,1997,U,126,Drama,8.3,70,Gus Van Sant,861606,138433435
Bacheha-Ye aseman,1997,PG,89,Drama,8.3,77,Majid Majidi,65341,933933
Toy Story,1995,U,81,Animation,8.3,95,John Lasseter,887429,191796233
Braveheart,1995,A,178,Biography,8.3,68,Mel Gibson,959181,75600000
Reservoir Dogs,1992,R,99,Crime,8.3,79,Quentin Tarantino,918562,2832029
Full Metal Jacket,1987,UA,116,Drama,8.3,76,Stanley Kubrick,675146,46357676
Idi i smotri,1985,A,142,Drama,8.3,,Elem Klimov,59056,
Aliens,1986,U,137,Action,8.3,84,James Cameron,652719,85160248
Amadeus,1984,R,160,Biography,8.3,88,Milos Forman,369007,51973029
Scarface,1983,A,170,Crime,8.3,65,Brian De Palma,740911,45598982
Star Wars: Episode VI - Return of the Jedi,1983,U,131,Action,8.3,58,Richard Marquand,950470,309125409
Das Boot,1981,R,149,Adventure,8.3,86,Wolfgang Petersen,231855,11487676
Taxi Driver,1976,A,114,Crime,8.3,94,Martin Scorsese,724636,28262574
The Sting,1973,U,129,Comedy,8.3,83,George Roy Hill,241513,159600000
A Clockwork Orange,1971,A,136,Crime,8.3,77,Stanley Kubrick,757904,6207725
2001: A Space Odyssey,1968,U,149,Adventure,8.3,84,Stanley Kubrick,603517,56954992
Per qualche dollaro in più,1965,U,132,Western,8.3,74,Sergio Leone,232772,15000000
Lawrence of Arabia,1962,U,228,Adventure,8.3,100,David Lean,268085,44824144
The Apartment,1960,U,125,Comedy,8.3,94,Billy Wilder,164363,18600000
North by Northwest,1959,U,136,Adventure,8.3,98,Alfred Hitchcock,299198,13275000
Vertigo,1958,A,128,Mystery,8.3,100,Alfred Hitchcock,364368,3200000
Singin' in the Rain,1952,G,103,Comedy,8.3,99,Stanley Donen,218957,8819028
Ikiru,1952,,143,Drama,8.3,,Akira Kurosawa,68463,55240
Ladri di biciclette,1948,,89,Drama,8.3,,Vittorio De Sica,146427,332930
Double Indemnity,1944,Passed,107,Crime,8.3,95,Billy Wilder,143525,5720000
Citizen Kane,1941,UA,119,Drama,8.3,100,Orson Welles,403351,1585634
M - Eine Stadt sucht einen Mörder,1931,Passed,117,Crime,8.3,,Fritz Lang,143434,28877
Metropolis,1927,,153,Drama,8.3,98,Fritz Lang,159992,1236166
The Kid,1921,Passed,68,Comedy,8.3,,Charles Chaplin,113314,5450000
Chhichhore,2019,UA,143,Comedy,8.2,,Nitesh Tiwari,33893,898575
Uri: The Surgical Strike,2018,UA,138,Action,8.2,,Aditya Dhar,43444,4186168
K.G.F: Chapter 1,2018,UA,156,Action,8.2,,Prashanth Neel,36680,
Green Book,2018,UA,130,Biography,8.2,69,Peter Farrelly,377884,85080171
"Three Billboards Outside Ebbing, Missouri",2017,A,115,Comedy,8.2,88,Martin McDonagh,432610,54513740
Talvar,2015,UA,132,Crime,8.2,,Meghna Gulzar,31142,342370
Baahubali 2: The Conclusion,2017,UA,167,Action,8.2,,S.S. Rajamouli,75348,20186659
Klaus,2019,PG,96,Animation,8.2,65,Sergio Pablos,104761,
Drishyam,2015,UA,163,Crime,8.2,,Nishikant Kamat,70367,739478
Queen,2013,UA,146,Adventure,8.2,,Vikas Bahl,60701,1429534
Mandariinid,2013,,87,Drama,8.2,73,Zaza Urushadze,40382,144501
Bhaag Milkha Bhaag,2013,U,186,Biography,8.2,,Rakeysh Omprakash Mehra,61137,1626289
Gangs of Wasseypur,2012,A,321,Action,8.2,89,Anurag Kashyap,82365,
Udaan,2010,UA,134,Drama,8.2,,Vikramaditya Motwane,42341,7461
Paan Singh Tomar,2012,UA,135,Action,8.2,,Tigmanshu Dhulia,33237,39567
El secreto de sus ojos,2009,R,129,Drama,8.2,80,Juan José Campanella,193217,6391436
Warrior,2011,UA,140,Action,8.2,71,Gavin O'Connor,435950,13657115
Shutter Island,2010,A,138,Mystery,8.2,63,Martin Scorsese,1129894,128012934
Up,2009,U,96,Animation,8.2,88,Pete Docter,935507,293004164
The Wolf of Wall Street,2013,A,180,Biography,8.2,75,Martin Scorsese,1187498,116900694
Chak De! India,2007,U,153,Drama,8.2,68,Shimit Amin,74129,1113541
There Will Be Blood,2007,A,158,Drama,8.2,93,Paul Thomas Anderson,517359,40222514
Pan's Labyrinth,2006,UA,118,Drama,8.2,98,Guillermo del Toro,618623,37634615
Toy Story 3,2010,U,103,Animation,8.2,92,Lee Unkrich,757032,415004880
V for Vendetta,2005,A,132,Action,8.2,62,James McTeigue,1032749,70511035
Rang De Basanti,2006,UA,167,Comedy,8.2,,Rakeysh Omprakash Mehra,111937,2197331
Black,2005,U,122,Drama,8.2,,Sanjay Leela Bhansali,33354,733094
Batman Begins,2005,UA,140,Action,8.2,70,Christopher Nolan,1308302,206852432
"Swades: We, the People",2004,U,210,Drama,8.2,,Ashutosh Gowariker,83005,1223240
Der Untergang,2004,R,156,Biography,8.2,82,Oliver Hirschbiegel,331308,5509040
Hauru no ugoku shiro,2004,U,119,Animation,8.2,80,Hayao Miyazaki,333915,4711096
A Beautiful Mind,2001,UA,135,Biography,8.2,72,Ron Howard,848920,170742341
Hera Pheri,2000,U,156,Action,8.2,,Priyadarshan,57057,
"Lock, Stock and Two Smoking Barrels",1998,A,107,Action,8.2,66,Guy Ritchie,535216,3897569
L.A. Confidential,1997,A,138,Crime,8.2,90,Curtis Hanson,531967,64616940
Eskiya,1996,,128,Crime,8.2,,Yavuz Turgul,64118,
Heat,1995,A,170,Crime,8.2,76,Michael Mann,577113,67436818
Casino,1995,A,178,Crime,8.2,73,Martin Scorsese,466276,42438300
Andaz Apna Apna,1994,U,160,Action,8.2,,Rajkumar Santoshi,49300,
Unforgiven,1992,A,130,Drama,8.2,85,Clint Eastwood,375935,101157447
Indiana Jones and the Last Crusade,1989,U,127,Action,8.2,65,Steven Spielberg,692366,197171806
Dom za vesanje,1988,R,142,Comedy,8.2,,Emir Kusturica,26402,280015
Tonari no Totoro,1988,U,86,Animation,8.2,86,Hayao Miyazaki,291180,1105564
Die Hard,1988,A,132,Action,8.2,72,John McTiernan,793164,83008852
Ran,1985,U,162,Action,8.2,96,Akira Kurosawa,112505,4135750
Raging Bull,1980,A,129,Biography,8.2,89,Martin Scorsese,321860,23383987
Stalker,1979,U,162,Drama,8.2,,Andrei Tarkovsky,116945,234723
Höstsonaten,1978,U,99,Drama,8.2,,Ingmar Bergman,26875,
The Message,1976,PG,177,Biography,8.2,,Moustapha Akkad,43885,
Sholay,1975,U,204,Action,8.2,,Ramesh Sippy,51284,
Monty Python and the Holy Grail,1975,PG,91,Adventure,8.2,91,Terry Gilliam,500875,1229197
The Great Escape,1963,U,172,Adventure,8.2,86,John Sturges,224730,12100000
To Kill a Mockingbird,1962,U,129,Crime,8.2,88,Robert Mulligan,293811,
Yôjinbô,1961,,110,Action,8.2,,Akira Kurosawa,111244,
Judgment at Nuremberg,1961,A,179,Drama,8.2,60,Stanley Kramer,69458,
Some Like It Hot,1959,U,121,Comedy,8.2,98,Billy Wilder,243943,25000000
Smultronstället,1957,U,91,Drama,8.2,88,Ingmar Bergman,96381,
Det sjunde inseglet,1957,A,96,Drama,8.2,88,Ingmar Bergman,164939,
Du rififi chez les hommes,1955,,118,Crime,8.2,97,Jules Dassin,28810,57226
Dial M for Murder,1954,A,105,Crime,8.2,75,Alfred Hitchcock,158335,12562
Tôkyô monogatari,1953,U,136,Drama,8.2,,Yasujirô Ozu,53153,
Rashômon,1950,,88,Crime,8.2,98,Akira Kurosawa,152572,96568
All About Eve,1950,Passed,138,Drama,8.2,98,Joseph L. Mankiewicz,120539,10177
The Treasure of the Sierra Madre,1948,Passed,126,Adventure,8.2,98,John Huston,114304,5014000
To Be or Not to Be,1942,Passed,99,Comedy,8.2,86,Ernst Lubitsch,29915,
The Gold Rush,1925,Passed,95,Adventure,8.2,,Charles Chaplin,101053,5450000
Sherlock Jr.,1924,Passed,45,Action,8.2,,Buster Keaton,41985,977375
Portrait de la jeune fille en feu,2019,R,122,Drama,8.1,95,Céline Sciamma,63134,3759854
Pink,2016,UA,136,Drama,8.1,,Aniruddha Roy Chowdhury,39216,1241223
Koe no katachi,2016,16,130,Animation,8.1,78,Naoko Yamada,47708,
Contratiempo,2016,TV-MA,106,Crime,8.1,,Oriol Paulo,141516,
Ah-ga-ssi,2016,A,145,Drama,8.1,84,Chan-wook Park,113649,2006788
Mommy,2014,R,139,Drama,8.1,74,Xavier Dolan,50700,3492754
Haider,2014,UA,160,Action,8.1,,Vishal Bhardwaj,50445,901610
Logan,2017,A,137,Action,8.1,77,James Mangold,647884,226277068
Room,2015,R,118,Drama,8.1,86,Lenny Abrahamson,371538,14677674
Relatos salvajes,2014,R,122,Comedy,8.1,77,Damián Szifron,177059,3107072
Soul,2020,U,100,Animation,8.1,83,Pete Docter,159171,
Kis Uykusu,2014,,196,Drama,8.1,88,Nuri Bilge Ceylan,46547,165520
PK,2014,UA,153,Comedy,8.1,,Rajkumar Hirani,163061,10616104
OMG: Oh My God!,2012,U,125,Comedy,8.1,,Umesh Shukla,51739,923221
The Grand Budapest Hotel,2014,UA,99,Adventure,8.1,88,Wes Anderson,707630,59100318
Gone Girl,2014,A,149,Drama,8.1,79,David Fincher,859695,167767189
Ôkami kodomo no Ame to Yuki,2012,U,117,Animation,8.1,71,Mamoru Hosoda,38803,
Hacksaw Ridge,2016,A,139,Biography,8.1,71,Mel Gibson,435928,67209615
Inside Out,2015,U,95,Animation,8.1,94,Pete Docter,616228,356461711
Barfi!,2012,U,151,Comedy,8.1,,Anurag Basu,75721,2804874
12 Years a Slave,2013,A,134,Biography,8.1,96,Steve McQueen,640533,56671993
Rush,2013,UA,123,Action,8.1,74,Ron Howard,432811,26947624
Ford v Ferrari,2019,UA,152,Action,8.1,81,James Mangold,291289,117624028
Spotlight,2015,A,129,Biography,8.1,93,Tom McCarthy,420316,45055776
Song of the Sea,2014,PG,93,Animation,8.1,85,Tomm Moore,51679,857524
Kahaani,2012,UA,122,Mystery,8.1,,Sujoy Ghosh,57806,1035953
Zindagi Na Milegi Dobara,2011,U,155,Comedy,8.1,,Zoya Akhtar,67927,3108485
Prisoners,2013,A,153,Crime,8.1,70,Denis Villeneuve,601149,61002302
Mad Max: Fury Road,2015,UA,120,Action,8.1,90,George Miller,882316,154058340
A Wednesday,2008,UA,104,Action,8.1,,Neeraj Pandey,73891,
Gran Torino,2008,R,116,Drama,8.1,72,Clint Eastwood,720450,148095302
Harry Potter and the Deathly Hallows: Part 2,2011,UA,130,Adventure,8.1,85,David Yates,764493,381011219
Okuribito,2008,PG-13,130,Drama,8.1,68,Yôjirô Takita,48582,1498210
Hachi: A Dog's Tale,2009,G,93,Biography,8.1,,Lasse Hallström,253575,
Mary and Max,2009,,92,Animation,8.1,,Adam Elliot,164462,
How to Train Your Dragon,2010,U,98,Animation,8.1,75,Dean DeBlois,666773,217581231
Into the Wild,2007,R,148,Adventure,8.1,73,Sean Penn,572921,18354356
No Country for Old Men,2007,R,122,Crime,8.1,91,Ethan Coen,856916,74283625
Lage Raho Munna Bhai,2006,U,144,Comedy,8.1,,Rajkumar Hirani,43137,2217561
Million Dollar Baby,2004,UA,132,Drama,8.1,86,Clint Eastwood,635975,100492203
Hotel Rwanda,2004,PG-13,121,Biography,8.1,79,Terry George,334320,23530892
Taegukgi hwinalrimyeo,2004,R,140,Action,8.1,64,Je-kyu Kang,37820,1111061
Before Sunset,2004,R,80,Drama,8.1,90,Richard Linklater,236311,5820649
Munna Bhai M.B.B.S.,2003,U,156,Comedy,8.1,,Rajkumar Hirani,73992,
Salinui chueok,2003,UA,131,Crime,8.1,82,Bong Joon Ho,139558,14131
Dil Chahta Hai,2001,Unrated,183,Comedy,8.1,,Farhan Akhtar,66803,300000
Kill Bill: Vol. 1,2003,R,111,Action,8.1,69,Quentin Tarantino,1000639,70099045
Finding Nemo,2003,U,100,Animation,8.1,90,Andrew Stanton,949565,380843261
Catch Me If You Can,2002,A,141,Biography,8.1,75,Steven Spielberg,832846,164615351
Amores perros,2000,A,154,Drama,8.1,83,Alejandro G. Iñárritu,223741,5383834
"Monsters, Inc.",2001,U,92,Animation,8.1,79,Pete Docter,815505,289916256
"Shin seiki Evangelion Gekijô-ban: Air/Magokoro wo, kimi ni",1997,UA,87,Animation,8.1,,Hideaki Anno,38847,
Lagaan: Once Upon a Time in India,2001,U,224,Adventure,8.1,84,Ashutosh Gowariker,105036,70147
The Sixth Sense,1999,A,107,Drama,8.1,64,M. Night Shyamalan,911573,293506292
La leggenda del pianista sull'oceano,1998,U,169,Drama,8.1,58,Giuseppe Tornatore,59020,259127
The Truman Show,1998,U,103,Comedy,8.1,90,Peter Weir,939631,125618201
"Crna macka, beli macor",1998,R,127,Comedy,8.1,73,Emir Kusturica,50862,348660
The Big Lebowski,1998,R,117,Comedy,8.1,71,Joel Coen,732620,17498804
Fa yeung nin wah,2000,U,98,Drama,8.1,85,Kar-Wai Wong,124383,2734044
Trainspotting,1996,A,93,Drama,8.1,83,Danny Boyle,634716,16501785
Fargo,1996,A,98,Crime,8.1,85,Joel Coen,617444,24611975
Underground,1995,,170,Comedy,8.1,,Emir Kusturica,55220,171082
La haine,1995,UA,98,Crime,8.1,,Mathieu Kassovitz,150345,309811
Dilwale Dulhania Le Jayenge,1995,U,189,Drama,8.1,,Aditya Chopra,63516,
Before Sunrise,1995,R,101,Drama,8.1,77,Richard Linklater,272291,5535405
Trois couleurs: Rouge,1994,U,99,Drama,8.1,100,Krzysztof Kieslowski,90729,4043686
Chung Hing sam lam,1994,U,102,Comedy,8.1,77,Kar-Wai Wong,63122,600200
Jurassic Park,1993,UA,127,Action,8.1,68,Steven Spielberg,867615,402453882
In the Name of the Father,1993,UA,133,Biography,8.1,84,Jim Sheridan,156842,25010410
Ba wang bie ji,1993,R,171,Drama,8.1,,Kaige Chen,25088,5216888
Dà hóng denglong gaogao guà,1991,PG,125,Drama,8.1,,Yimou Zhang,29662,2603061
Dead Poets Society,1989,U,128,Comedy,8.1,79,Peter Weir,425457,95860116
Stand by Me,1986,U,89,Adventure,8.1,75,Rob Reiner,363401,52287414
Platoon,1986,A,120,Drama,8.1,92,Oliver Stone,381222,138530565
"Paris, Texas",1984,U,145,Drama,8.1,78,Wim Wenders,91188,2181987
Kaze no tani no Naushika,1984,U,117,Animation,8.1,86,Hayao Miyazaki,150924,495770
The Thing,1982,A,109,Horror,8.1,57,John Carpenter,371271,13782838
Pink Floyd: The Wall,1982,UA,95,Drama,8.1,47,Alan Parker,76081,22244207
Fitzcarraldo,1982,R,158,Adventure,8.1,,Werner Herzog,31595,
Fanny och Alexander,1982,A,188,Drama,8.1,100,Ingmar Bergman,57784,4971340
Blade Runner,1982,UA,117,Action,8.1,84,Ridley Scott,693827,32868943
The Elephant Man,1980,UA,124,Biography,8.1,78,David Lynch,220078,
Life of Brian,1979,R,94,Comedy,8.1,77,Terry Jones,367250,20045115
The Deer Hunter,1978,A,183,Drama,8.1,86,Michael Cimino,311361,48979328
Rocky,1976,U,120,Drama,8.1,70,John G. Avildsen,518546,117235247
Network,1976,UA,121,Drama,8.1,83,Sidney Lumet,144911,
Barry Lyndon,1975,PG,185,Adventure,8.1,89,Stanley Kubrick,149843,
Zerkalo,1975,G,107,Biography,8.1,,Andrei Tarkovsky,40081,177345
Chinatown,1974,UA,130,Drama,8.1,92,Roman Polanski,294230,29000000
Paper Moon,1973,U,102,Comedy,8.1,77,Peter Bogdanovich,42285,30933743
Viskningar och rop,1972,A,91,Drama,8.1,,Ingmar Bergman,30206,1742348
Solaris,1972,PG,167,Drama,8.1,90,Andrei Tarkovsky,81021,
Le samouraï,1967,GP,105,Crime,8.1,,Jean-Pierre Melville,45434,39481
Cool Hand Luke,1967,A,127,Crime,8.1,92,Stuart Rosenberg,161984,16217773
Persona,1966,,85,Drama,8.1,86,Ingmar Bergman,103191,
Andrei Rublev,1966,R,205,Biography,8.1,,Andrei Tarkovsky,46947,102021
La battaglia di Algeri,1966,,121,Drama,8.1,96,Gillo Pontecorvo,53089,55908
El ángel exterminador,1962,,95,Drama,8.1,,Luis Buñuel,29682,
What Ever Happened to Baby Jane?,1962,Passed,134,Drama,8.1,75,Robert Aldrich,50058,4050000
Sanjuro,1962,U,96,Action,8.1,,Akira Kurosawa,33044,
The Man Who Shot Liberty Valance,1962,,123,Drama,8.1,94,John Ford,68827,
Ivanovo detstvo,1962,,95,Drama,8.1,,Andrei Tarkovsky,31728,
Jungfrukällan,1960,A,89,Drama,8.1,,Ingmar Bergman,26697,1526000
Inherit the Wind,1960,Passed,128,Biography,8.1,75,Stanley Kramer,27254,
Les quatre cents coups,1959,,99,Crime,8.1,,François Truffaut,105291,
Ben-Hur,1959,U,212,Adventure,8.1,90,William Wyler,219466,74700000
Kakushi-toride no san-akunin,1958,,139,Adventure,8.1,,Akira Kurosawa,34797,
Le notti di Cabiria,1957,,110,Drama,8.1,,Federico Fellini,42940,752045
Kumonosu-jô,1957,,110,Drama,8.1,,Akira Kurosawa,46678,
The Bridge on the River Kwai,1957,PG,161,Adventure,8.1,87,David Lean,203463,44908000
On the Waterfront,1954,A,108,Crime,8.1,91,Elia Kazan,142107,9600000
Le salaire de la peur,1953,U,131,Adventure,8.1,85,Henri-Georges Clouzot,54588,
Ace in the Hole,1951,Approved,111,Drama,8.1,72,Billy Wilder,31568,3969893
White Heat,1949,,114,Action,8.1,,Raoul Walsh,29807,
The Third Man,1949,Approved,104,Film-Noir,8.1,97,Carol Reed,158731,449191
The Red Shoes,1948,,135,Drama,8.1,,Michael Powell,30935,10900000
The Shop Around the Corner,1940,,99,Comedy,8.1,96,Ernst Lubitsch,28450,203300
Rebecca,1940,Approved,130,Drama,8.1,86,Alfred Hitchcock,123942,4360000
Mr. Smith Goes to Washington,1939,Passed,129,Comedy,8.1,73,Frank Capra,107017,9600000
Gone with the Wind,1939,U,238,Drama,8.1,97,Victor Fleming,290074,198676459
La Grande Illusion,1937,,113,Drama,8.1,,Jean Renoir,33829,172885
It Happened One Night,1934,Approved,105,Comedy,8.1,87,Frank Capra,94016,4360000
La passion de Jeanne d'Arc,1928,Passed,110,Biography,8.1,,Carl Theodor Dreyer,47676,21877
The Circus,1928,Passed,72,Comedy,8.1,90,Charles Chaplin,30205,
Sunrise: A Song of Two Humans,1927,Passed,94,Drama,8.1,,F.W. Murnau,46865,539540
The General,1926,Passed,67,Action,8.1,,Clyde Bruckman,81156,1033895
Das Cabinet des Dr. Caligari,1920,,76,Fantasy,8.1,,Robert Wiene,57428,
Badhaai ho,2018,UA,124,Comedy,8,,Amit Ravindernath Sharma,27978,
Togo,2019,U,113,Adventure,8,69,Ericson Core,37556,
Airlift,2016,UA,130,Drama,8,,Raja Menon,52897,
Bajrangi Bhaijaan,2015,UA,163,Action,8,,Kabir Khan,72245,8178001
Baby,2015,UA,159,Action,8,,Neeraj Pandey,52848,
La La Land,2016,A,128,Comedy,8,94,Damien Chazelle,505918,151101803
Lion,2016,U,118,Biography,8,69,Garth Davis,213970,51739495
The Martian,2015,UA,144,Adventure,8,80,Ridley Scott,760094,228433663
Zootopia,2016,U,108,Animation,8,78,Byron Howard,434143,341268248
Bãhubali: The Beginning,2015,UA,159,Action,8,,S.S. Rajamouli,102972,6738000
Kaguyahime no monogatari,2013,U,137,Animation,8,89,Isao Takahata,38746,1506975
Wonder,2017,U,113,Drama,8,66,Stephen Chbosky,141923,132422809
Gully Boy,2019,UA,154,Drama,8,65,Zoya Akhtar,31886,5566534
Special Chabbis,2013,UA,144,Crime,8,,Neeraj Pandey,51069,1079369
Short Term 12,2013,R,96,Drama,8,82,Destin Daniel Cretton,81770,1010414
Serbuan maut 2: Berandal,2014,A,150,Action,8,71,Gareth Evans,114316,2625803
The Imitation Game,2014,UA,114,Biography,8,73,Morten Tyldum,685201,91125683
Guardians of the Galaxy,2014,UA,121,Action,8,76,James Gunn,1043455,333176600
Blade Runner 2049,2017,UA,164,Action,8,81,Denis Villeneuve,461823,92054159
Her,2013,A,126,Drama,8,90,Spike Jonze,540772,25568251
Bohemian Rhapsody,2018,UA,134,Biography,8,49,Bryan Singer,450349,216428042
The Revenant,2015,A,156,Action,8,76,Alejandro G. Iñárritu,705589,183637894
The Perks of Being a Wallflower,2012,UA,103,Drama,8,67,Stephen Chbosky,462252,17738570
Tropa de Elite 2: O Inimigo Agora é Outro,2010,,115,Action,8,71,José Padilha,79200,100119
The King's Speech,2010,U,118,Biography,8,88,Tom Hooper,639603,138797449
The Help,2011,UA,146,Drama,8,62,Tate Taylor,428521,169708112
Deadpool,2016,R,108,Action,8,65,Tim Miller,902669,363070709
Darbareye Elly,2009,TV-PG,119,Drama,8,87,Asghar Farhadi,45803,106662
Dev.D,2009,A,144,Drama,8,,Anurag Kashyap,28749,10950
Yip Man,2008,R,106,Action,8,59,Wilson Yip,211427,
My Name Is Khan,2010,UA,165,Drama,8,50,Karan Johar,98575,4018695
Nefes: Vatan Sagolsun,2009,,128,Action,8,,Levent Semerci,31838,
Slumdog Millionaire,2008,UA,120,Drama,8,84,Danny Boyle,798882,141319928
Black Swan,2010,A,108,Drama,8,79,Darren Aronofsky,699673,106954678
Tropa de Elite,2007,R,115,Action,8,33,José Padilha,98097,8060
The Avengers,2012,UA,143,Action,8,69,Joss Whedon,1260806,623279547
Persepolis,2007,PG-13,96,Animation,8,90,Vincent Paronnaud,88656,4445756
Dallas Buyers Club,2013,R,117,Biography,8,80,Jean-Marc Vallée,441614,27298285
The Pursuit of Happyness,2006,U,117,Biography,8,64,Gabriele Muccino,448930,163566459
Blood Diamond,2006,A,143,Adventure,8,64,Edward Zwick,499439,57366262
The Bourne Ultimatum,2007,UA,115,Action,8,85,Paul Greengrass,604694,227471070
Bin-jip,2004,U,88,Crime,8,72,Ki-duk Kim,50610,238507
Sin City,2005,A,124,Crime,8,74,Frank Miller,738512,74103820
Le scaphandre et le papillon,2007,PG-13,112,Biography,8,92,Julian Schnabel,103284,5990075
G.O.R.A.,2004,,127,Adventure,8,,Ömer Faruk Sorak,56960,
Ratatouille,2007,U,111,Animation,8,96,Brad Bird,641645,206445654
Casino Royale,2006,PG-13,144,Action,8,80,Martin Campbell,582239,167445960
Kill Bill: Vol. 2,2004,A,137,Action,8,83,Quentin Tarantino,683900,66208183
Vozvrashchenie,2003,,110,Drama,8,82,Andrey Zvyagintsev,42399,502028
Bom Yeoareum Gaeul Gyeoul Geurigo Bom,2003,R,103,Drama,8,85,Ki-duk Kim,77520,2380788
Mar adentro,2014,U,126,Biography,8,74,Alejandro Amenábar,77554,2086345
Cinderella Man,2005,UA,144,Biography,8,69,Ron Howard,176151,61649911
Kal Ho Naa Ho,2003,U,186,Comedy,8,54,Nikkhil Advani,63460,1787378
Mou gaan dou,2002,UA,101,Action,8,75,Andrew Lau,117857,169659
Pirates of the Caribbean: The Curse of the Black Pearl,2003,UA,143,Action,8,63,Gore Verbinski,1015122,305413918
Big Fish,2003,U,125,Adventure,8,58,Tim Burton,415218,66257002
The Incredibles,2004,U,115,Animation,8,90,Brad Bird,657047,261441092
Yeopgijeogin geunyeo,2001,,137,Comedy,8,,Jae-young Kwak,45403,
Dogville,2003,R,178,Crime,8,60,Lars von Trier,137963,1530386
Vizontele,2001,,110,Comedy,8,,Yilmaz Erdogan,33592,
Donnie Darko,2001,R,113,Drama,8,88,Richard Kelly,740086,1480006
Magnolia,1999,R,188,Drama,8,77,Paul Thomas Anderson,289742,22455976
Dancer in the Dark,2000,U,140,Crime,8,61,Lars von Trier,102285,4184036
The Straight Story,1999,U,112,Biography,8,86,David Lynch,82002,6203044
Pâfekuto burû,1997,A,81,Animation,8,,Satoshi Kon,58192,776665
Festen,1998,R,105,Drama,8,82,Thomas Vinterberg,78341,1647780
Central do Brasil,1998,R,110,Drama,8,80,Walter Salles,36419,5595428
The Iron Giant,1999,PG,86,Animation,8,85,Brad Bird,172083,23159305
Knockin' on Heaven's Door,1997,,87,Action,8,,Thomas Jahn,27721,3296
Sling Blade,1996,R,135,Drama,8,84,Billy Bob Thornton,86838,24475416
Secrets & Lies,1996,U,136,Comedy,8,91,Mike Leigh,37564,13417292
Twelve Monkeys,1995,A,129,Mystery,8,74,Terry Gilliam,578443,57141459
Kôkaku Kidôtai,1995,UA,83,Animation,8,76,Mamoru Oshii,129231,515905
The Nightmare Before Christmas,1993,U,76,Animation,8,82,Henry Selick,300208,75082668
Groundhog Day,1993,U,101,Comedy,8,72,Harold Ramis,577991,70906973
Bound by Honor,1993,R,180,Crime,8,47,Taylor Hackford,28825,4496583
Scent of a Woman,1992,UA,156,Drama,8,59,Martin Brest,263918,63895607
Aladdin,1992,U,90,Animation,8,86,Ron Clements,373845,217350219
JFK,1991,UA,189,Drama,8,72,Oliver Stone,142110,70405498
Beauty and the Beast,1991,G,84,Animation,8,95,Gary Trousdale,417178,218967620
Dances with Wolves,1990,U,181,Adventure,8,72,Kevin Costner,240266,184208848
Do the Right Thing,1989,R,120,Comedy,8,93,Spike Lee,89429,27545445
Rain Man,1988,U,133,Drama,8,65,Barry Levinson,473064,178800000
Akira,1988,UA,124,Animation,8,,Katsuhiro Ôtomo,164918,553171
The Princess Bride,1987,U,98,Adventure,8,77,Rob Reiner,393899,30857814
Der Himmel über Berlin,1987,U,128,Drama,8,79,Wim Wenders,64722,3333969
Au revoir les enfants,1987,U,104,Drama,8,88,Louis Malle,31163,4542825
Tenkû no shiro Rapyuta,1986,U,125,Animation,8,78,Hayao Miyazaki,150140,
The Terminator,1984,UA,107,Action,8,84,James Cameron,799795,38400000
Gandhi,1982,U,191,Biography,8,79,Richard Attenborough,217664,52767889
Kagemusha,1980,U,180,Drama,8,84,Akira Kurosawa,32195,
Being There,1979,PG,130,Comedy,8,83,Hal Ashby,65625,30177511
Annie Hall,1977,A,93,Comedy,8,92,Woody Allen,251823,39200000
Jaws,1975,A,124,Adventure,8,87,Steven Spielberg,543388,260000000
Dog Day Afternoon,1975,U,125,Biography,8,86,Sidney Lumet,235652,50000000
Young Frankenstein,1974,A,106,Comedy,8,80,Mel Brooks,143359,86300000
Papillon,1973,R,151,Biography,8,58,Franklin J. Schaffner,121627,53267000
The Exorcist,1973,A,122,Horror,8,81,William Friedkin,362393,232906145
Sleuth,1972,PG,138,Mystery,8,,Joseph L. Mankiewicz,44748,4081254
The Last Picture Show,1971,R,118,Drama,8,93,Peter Bogdanovich,42456,29133000
Fiddler on the Roof,1971,G,181,Drama,8,67,Norman Jewison,39491,80500000
Il conformista,1970,UA,113,Drama,8,100,Bernardo Bertolucci,27067,541940
Butch Cassidy and the Sundance Kid,1969,PG,110,Biography,8,66,George Roy Hill,201888,102308889
Rosemary's Baby,1968,A,137,Drama,8,96,Roman Polanski,193674,
Planet of the Apes,1968,U,112,Adventure,8,79,Franklin J. Schaffner,165167,33395426
The Graduate,1967,A,106,Comedy,8,83,Mike Nichols,253676,104945305
Who's Afraid of Virginia Woolf?,1966,A,131,Drama,8,75,Mike Nichols,68926,
The Sound of Music,1965,U,172,Biography,8,63,Robert Wise,205425,163214286
Doctor Zhivago,1965,A,197,Drama,8,69,David Lean,69903,111722000
Per un pugno di dollari,1964,A,99,Action,8,65,Sergio Leone,198219,14500000
8½,1963,,138,Drama,8,91,Federico Fellini,108844,50690
Vivre sa vie: Film en douze tableaux,1962,,80,Drama,8,,Jean-Luc Godard,28057,
The Hustler,1961,A,134,Drama,8,90,Robert Rossen,75067,8284000
La dolce vita,1960,A,174,Comedy,8,95,Federico Fellini,66621,19516000
Rio Bravo,1959,Passed,141,Action,8,93,Howard Hawks,56305,12535000
Anatomy of a Murder,1959,,161,Crime,8,95,Otto Preminger,59847,11900000
Touch of Evil,1958,PG-13,95,Crime,8,99,Orson Welles,98431,2237659
Cat on a Hot Tin Roof,1958,A,108,Drama,8,84,Richard Brooks,45062,17570324
Sweet Smell of Success,1957,Approved,96,Drama,8,100,Alexander Mackendrick,28137,
The Killing,1956,Approved,84,Crime,8,91,Stanley Kubrick,81702,
The Night of the Hunter,1955,,92,Crime,8,99,Charles Laughton,81980,654000
La Strada,1954,,108,Drama,8,,Federico Fellini,58314,
Les diaboliques,1955,,117,Crime,8,,Henri-Georges Clouzot,61503,
Stalag 17,1953,,120,Comedy,8,84,Billy Wilder,51046,
Roman Holiday,1953,,118,Comedy,8,78,William Wyler,127256,
A Streetcar Named Desire,1951,A,122,Drama,8,97,Elia Kazan,99182,8000000
In a Lonely Place,1950,,94,Drama,8,,Nicholas Ray,26784,
Kind Hearts and Coronets,1949,U,106,Comedy,8,,Robert Hamer,34485,
Rope,1948,A,80,Crime,8,73,Alfred Hitchcock,129783,
Out of the Past,1947,,97,Crime,8,,Jacques Tourneur,32784,
Brief Encounter,1945,U,86,Drama,8,92,David Lean,35601,
Laura,1944,Passed,88,Drama,8,,Otto Preminger,42725,4360000
The Best Years of Our Lives,1946,Approved,170,Drama,8,93,William Wyler,57259,23650000
Arsenic and Old Lace,1942,,118,Comedy,8,,Frank Capra,65101,
The Maltese Falcon,1941,,100,Film-Noir,8,96,John Huston,148928,2108060
The Grapes of Wrath,1940,Passed,129,Drama,8,96,John Ford,85559,55000
The Wizard of Oz,1939,U,102,Adventure,8,92,Victor Fleming,371379,2076020
La règle du jeu,1939,,110,Comedy,8,,Jean Renoir,26725,
The Thin Man,1934,TV-PG,91,Comedy,8,86,W.S. Van Dyke,26642,
All Quiet on the Western Front,1930,U,152,Drama,8,91,Lewis Milestone,57318,3270000
Bronenosets Potemkin,1925,,75,Drama,8,97,Sergei M. Eisenstein,53054,50970
Knives Out,2019,UA,130,Comedy,7.9,82,Rian Johnson,454203,165359751
Dil Bechara,2020,UA,101,Comedy,7.9,,Mukesh Chhabra,111478,
Manbiki kazoku,2018,A,121,Crime,7.9,93,Hirokazu Koreeda,62754,3313513
Marriage Story,2019,U,137,Comedy,7.9,94,Noah Baumbach,246644,2000000
Call Me by Your Name,2017,UA,132,Drama,7.9,93,Luca Guadagnino,212651,18095701
"I, Daniel Blake",2016,UA,100,Drama,7.9,78,Ken Loach,53818,258168
Isle of Dogs,2018,U,101,Animation,7.9,82,Wes Anderson,139114,32015231
Hunt for the Wilderpeople,2016,UA,101,Adventure,7.9,81,Taika Waititi,111483,5202582
Captain Fantastic,2016,R,118,Comedy,7.9,72,Matt Ross,189400,5875006
Sing Street,2016,PG-13,106,Comedy,7.9,79,John Carney,85109,3237118
Thor: Ragnarok,2017,UA,130,Action,7.9,74,Taika Waititi,587775,315058289
Nightcrawler,2014,A,117,Crime,7.9,76,Dan Gilroy,466134,32381218
Jojo Rabbit,2019,UA,108,Comedy,7.9,58,Taika Waititi,297918,349555
Arrival,2016,UA,116,Drama,7.9,81,Denis Villeneuve,594181,100546139
Star Wars: Episode VII - The Force Awakens,2015,U,138,Action,7.9,80,J.J. Abrams,860823,936662225
Before Midnight,2013,R,109,Drama,7.9,94,Richard Linklater,141457,8114627
X-Men: Days of Future Past,2014,UA,132,Action,7.9,75,Bryan Singer,659763,233921534
Bir Zamanlar Anadolu'da,2011,,157,Crime,7.9,82,Nuri Bilge Ceylan,41995,138730
The Artist,2011,U,100,Comedy,7.9,89,Michel Hazanavicius,230624,44671682
Edge of Tomorrow,2014,UA,113,Action,7.9,71,Doug Liman,600004,100206256
Amour,2012,UA,127,Drama,7.9,94,Michael Haneke,93090,6739492
The Irishman,2019,R,209,Biography,7.9,94,Martin Scorsese,324720,7000000
Un prophète,2009,A,155,Crime,7.9,90,Jacques Audiard,93560,2084637
Moon,2009,R,97,Drama,7.9,67,Duncan Jones,335152,5009677
Låt den rätte komma in,2008,R,114,Crime,7.9,82,Tomas Alfredson,205609,2122065
District 9,2009,A,112,Action,7.9,81,Neill Blomkamp,638202,115646235
The Wrestler,2008,UA,109,Drama,7.9,80,Darren Aronofsky,289415,26236603
Jab We Met,2007,U,138,Comedy,7.9,,Imtiaz Ali,47720,410800
Boyhood,2014,A,165,Drama,7.9,100,Richard Linklater,335533,25379975
"4 luni, 3 saptamâni si 2 zile",2007,,113,Drama,7.9,97,Cristian Mungiu,56625,1185783
Star Trek,2009,UA,127,Action,7.9,82,J.J. Abrams,577336,257730019
In Bruges,2008,R,107,Comedy,7.9,67,Martin McDonagh,390334,7757130
The Man from Earth,2007,,87,Drama,7.9,,Richard Schenkman,174125,
Letters from Iwo Jima,2006,UA,141,Action,7.9,89,Clint Eastwood,154011,13756082
The Fall,2006,R,117,Adventure,7.9,64,Tarsem Singh,107290,2280348
Life of Pi,2012,U,127,Adventure,7.9,79,Ang Lee,580708,124987023
Fantastic Mr. Fox,2009,PG,87,Animation,7.9,83,Wes Anderson,199696,21002919
C.R.A.Z.Y.,2005,,129,Comedy,7.9,81,Jean-Marc Vallée,31476,
Les choristes,2004,PG-13,97,Drama,7.9,56,Christophe Barratier,57430,3635164
Iron Man,2008,UA,126,Action,7.9,79,Jon Favreau,939644,318412101
Shaun of the Dead,2004,UA,99,Comedy,7.9,76,Edgar Wright,512249,13542874
Gegen die Wand,2004,R,121,Drama,7.9,78,Fatih Akin,51325,
Mystic River,2003,A,138,Crime,7.9,84,Clint Eastwood,419420,90135191
Harry Potter and the Prisoner of Azkaban,2004,U,142,Adventure,7.9,82,Alfonso Cuarón,552493,249358727
Ying xiong,2002,PG-13,120,Action,7.9,85,Yimou Zhang,173999,53710019
Hable con ella,2002,R,112,Drama,7.9,86,Pedro Almodóvar,104691,9284265
No Man's Land,2001,R,98,Comedy,7.9,84,Danis Tanovic,44618,1059830
Cowboy Bebop: Tengoku no tobira,2001,U,115,Animation,7.9,61,Shin'ichirô Watanabe,42897,1000045
The Bourne Identity,2002,UA,119,Action,7.9,68,Doug Liman,508771,121661683
Nueve reinas,2000,R,114,Crime,7.9,80,Fabián Bielinsky,49721,1221261
Children of Men,2006,A,109,Adventure,7.9,84,Alfonso Cuarón,465113,35552383
Almost Famous,2000,A,122,Adventure,7.9,90,Cameron Crowe,252586,32534850
Mulholland Dr.,2001,R,147,Drama,7.9,85,David Lynch,322031,7220243
Toy Story 2,1999,U,92,Animation,7.9,88,John Lasseter,527512,245852179
Boogie Nights,1997,R,155,Drama,7.9,85,Paul Thomas Anderson,239473,26400640
Mimi wo sumaseba,1995,U,111,Animation,7.9,75,Yoshifumi Kondô,51943,
Once Were Warriors,1994,A,102,Crime,7.9,77,Lee Tamahori,31590,2201126
True Romance,1993,R,119,Crime,7.9,59,Tony Scott,206918,12281500
Trois couleurs: Bleu,1993,U,94,Drama,7.9,85,Krzysztof Kieslowski,89836,1324974
Jûbê ninpûchô,1993,A,94,Animation,7.9,,Yoshiaki Kawajiri,34529,
Carlito's Way,1993,A,144,Crime,7.9,65,Brian De Palma,201000,36948322
Edward Scissorhands,1990,U,105,Drama,7.9,74,Tim Burton,447368,56362352
My Left Foot: The Story of Christy Brown,1989,U,103,Biography,7.9,97,Jim Sheridan,68076,14743391
Crimes and Misdemeanors,1989,PG-13,104,Comedy,7.9,77,Woody Allen,54670,18254702
The Untouchables,1987,A,119,Crime,7.9,79,Brian De Palma,281842,76270454
Hannah and Her Sisters,1986,PG-13,107,Comedy,7.9,90,Woody Allen,67176,40084041
Brazil,1985,U,132,Drama,7.9,84,Terry Gilliam,187567,9929135
This Is Spinal Tap,1984,R,82,Comedy,7.9,92,Rob Reiner,128812,188751
A Christmas Story,1983,U,93,Comedy,7.9,77,Bob Clark,132947,20605209
The Blues Brothers,1980,U,133,Action,7.9,60,John Landis,183182,57229890
Manhattan,1979,R,96,Comedy,7.9,83,Woody Allen,131436,45700000
All That Jazz,1979,A,123,Drama,7.9,72,Bob Fosse,28223,37823676
Dawn of the Dead,1978,A,127,Action,7.9,71,George A. Romero,111512,5100000
All the President's Men,1976,U,138,Biography,7.9,84,Alan J. Pakula,103031,70600000
La montaña sagrada,1973,R,114,Adventure,7.9,76,Alejandro Jodorowsky,37183,61001
Amarcord,1973,R,123,Comedy,7.9,,Federico Fellini,39897,
Le charme discret de la bourgeoisie,1972,PG,102,Comedy,7.9,93,Luis Buñuel,38737,198809
"Aguirre, der Zorn Gottes",1972,,95,Action,7.9,,Werner Herzog,52397,
Harold and Maude,1971,PG,91,Comedy,7.9,62,Hal Ashby,70826,
Patton,1970,U,172,Biography,7.9,91,Franklin J. Schaffner,93741,61700000
The Wild Bunch,1969,A,145,Action,7.9,97,Sam Peckinpah,77401,12064472
Night of the Living Dead,1968,,96,Horror,7.9,89,George A. Romero,116557,89029
The Lion in Winter,1968,PG,134,Biography,7.9,,Anthony Harvey,29003,22276975
In the Heat of the Night,1967,U,110,Crime,7.9,75,Norman Jewison,67804,24379978
Charade,1963,U,113,Comedy,7.9,83,Stanley Donen,68689,13474588
The Manchurian Candidate,1962,PG-13,126,Drama,7.9,94,John Frankenheimer,71122,
Spartacus,1960,A,197,Adventure,7.9,87,Stanley Kubrick,124339,30000000
L'avventura,1960,U,144,Drama,7.9,,Michelangelo Antonioni,26542,
Hiroshima mon amour,1959,,90,Drama,7.9,,Alain Resnais,28421,88300
The Ten Commandments,1956,U,220,Adventure,7.9,,Cecil B. DeMille,63560,93740000
The Searchers,1956,Passed,119,Adventure,7.9,94,John Ford,80316,
East of Eden,1955,U,118,Drama,7.9,72,Elia Kazan,40313,
High Noon,1952,PG,85,Drama,7.9,89,Fred Zinnemann,97222,9450000
Strangers on a Train,1951,A,101,Crime,7.9,88,Alfred Hitchcock,123341,7630000
Harvey,1950,Approved,104,Comedy,7.9,,Henry Koster,52573,
Miracle on 34th Street,1947,,96,Comedy,7.9,88,George Seaton,41625,2650000
Notorious,1946,U,102,Drama,7.9,100,Alfred Hitchcock,92306,10464000
The Big Sleep,1946,Passed,114,Crime,7.9,,Howard Hawks,78796,6540000
The Lost Weekend,1945,Passed,101,Drama,7.9,,Billy Wilder,33549,9460000
The Philadelphia Story,1940,,112,Comedy,7.9,96,George Cukor,63550,
His Girl Friday,1940,Passed,92,Comedy,7.9,,Howard Hawks,53667,296000
The Adventures of Robin Hood,1938,PG,102,Action,7.9,97,Michael Curtiz,47175,3981000
A Night at the Opera,1935,Passed,96,Comedy,7.9,,Sam Wood,30580,2537520
King Kong,1933,Passed,100,Adventure,7.9,90,Merian C. Cooper,78991,10000000
Freaks,1932,,64,Drama,7.9,80,Tod Browning,42117,
Nosferatu,1922,,94,Fantasy,7.9,,F.W. Murnau,88794,
The Gentlemen,2019,A,113,Action,7.8,51,Guy Ritchie,237392,
Raazi,2018,UA,138,Action,7.8,,Meghna Gulzar,25344,
Sound of Metal,2019,R,120,Drama,7.8,81,Darius Marder,27187,
Forushande,2016,UA,124,Drama,7.8,85,Asghar Farhadi,51240,2402067
Dunkirk,2017,UA,106,Action,7.8,94,Christopher Nolan,555092,188373161
Perfetti sconosciuti,2016,,96,Comedy,7.8,,Paolo Genovese,57168,
Hidden Figures,2016,UA,127,Biography,7.8,74,Theodore Melfi,200876,169607287
Paddington 2,2017,U,103,Adventure,7.8,88,Paul King,61594,40442052
Udta Punjab,2016,A,148,Action,7.8,,Abhishek Chaubey,27175,
Kubo and the Two Strings,2016,PG,101,Animation,7.8,84,Travis Knight,118035,48023088
M.S. Dhoni: The Untold Story,2016,U,184,Biography,7.8,,Neeraj Pandey,40416,1782795
Manchester by the Sea,2016,UA,137,Drama,7.8,96,Kenneth Lonergan,246963,47695120
Under sandet,2015,R,100,Drama,7.8,75,Martin Zandvliet,35539,435266
Rogue One,2016,UA,133,Action,7.8,65,Gareth Edwards,556608,532177324
Captain America: Civil War,2016,UA,147,Action,7.8,75,Anthony Russo,663649,408084349
The Hateful Eight,2015,A,168,Crime,7.8,68,Quentin Tarantino,517059,54117416
Little Women,2019,U,135,Drama,7.8,91,Greta Gerwig,143250,108101214
Loving Vincent,2017,UA,94,Animation,7.8,62,Dorota Kobiela,50778,6735118
Pride,2014,R,119,Biography,7.8,79,Matthew Warchus,51841,
Le passé,2013,PG-13,130,Drama,7.8,85,Asghar Farhadi,45002,1330596
La grande bellezza,2013,,141,Drama,7.8,86,Paolo Sorrentino,81125,2852400
The Lunchbox,2013,U,104,Drama,7.8,76,Ritesh Batra,50523,4231500
Vicky Donor,2012,UA,126,Comedy,7.8,,Shoojit Sircar,39710,169209
Big Hero 6,2014,U,102,Animation,7.8,74,Don Hall,410983,222527828
About Time,2013,R,123,Comedy,7.8,55,Richard Curtis,303032,15322921
English Vinglish,2012,U,134,Comedy,7.8,,Gauri Shinde,33618,1670773
Kaze tachinu,2013,PG-13,126,Animation,7.8,83,Hayao Miyazaki,73690,5209580
Toy Story 4,2019,U,100,Animation,7.8,84,Josh Cooley,203177,434038008
La migliore offerta,2013,R,131,Crime,7.8,49,Giuseppe Tornatore,108399,85433
Moonrise Kingdom,2012,A,94,Comedy,7.8,84,Wes Anderson,318789,45512466
How to Train Your Dragon 2,2014,U,102,Animation,7.8,76,Dean DeBlois,305611,177002924
The Big Short,2015,A,130,Biography,7.8,81,Adam McKay,362942,70259870
Kokuhaku,2010,,106,Drama,7.8,,Tetsuya Nakashima,35713,
Ang-ma-reul bo-at-da,2010,,144,Action,7.8,67,Jee-woon Kim,111252,128392
The Girl with the Dragon Tattoo,2011,R,158,Crime,7.8,71,David Fincher,423010,102515793
Captain Phillips,2013,UA,134,Adventure,7.8,82,Paul Greengrass,421244,107100855
Ajeossi,2010,R,119,Action,7.8,,Jeong-beom Lee,62848,6460
Straight Outta Compton,2015,R,147,Biography,7.8,72,F. Gary Gray,179264,161197785
Madeo,2009,R,129,Crime,7.8,79,Bong Joon Ho,52758,547292
Chugyeokja,2008,,125,Action,7.8,64,Hong-jin Na,58468,
The Hobbit: The Desolation of Smaug,2013,UA,161,Adventure,7.8,66,Peter Jackson,601408,258366855
Das weiße Band - Eine deutsche Kindergeschichte,2009,UA,144,Drama,7.8,82,Michael Haneke,68715,2222647
Män som hatar kvinnor,2009,R,152,Crime,7.8,76,Niels Arden Oplev,208994,10095170
The Trial of the Chicago 7,2020,R,129,Drama,7.8,77,Aaron Sorkin,89896,
Druk,2020,,117,Comedy,7.8,81,Thomas Vinterberg,33931,
The Fighter,2010,UA,116,Biography,7.8,79,David O. Russell,340584,93617009
Taken,2008,A,90,Action,7.8,51,Pierre Morel,564791,145000989
The Boy in the Striped Pyjamas,2008,PG-13,94,Drama,7.8,55,Mark Herman,190748,9030581
Once,2007,R,86,Drama,7.8,88,John Carney,110656,9439923
The Hobbit: An Unexpected Journey,2012,UA,169,Adventure,7.8,58,Peter Jackson,757377,303003568
Auf der anderen Seite,2007,,122,Drama,7.8,85,Fatih Akin,30827,741283
Atonement,2007,R,123,Drama,7.8,85,Joe Wright,251370,50927067
Drive,2011,A,100,Crime,7.8,78,Nicolas Winding Refn,571571,35061555
American Gangster,2007,A,157,Biography,7.8,76,Ridley Scott,392449,130164645
Avatar,2009,UA,162,Action,7.8,83,James Cameron,1118998,760507625
Mr. Nobody,2009,R,141,Drama,7.8,63,Jaco Van Dormael,216421,3600
Apocalypto,2006,A,139,Action,7.8,68,Mel Gibson,291018,50866635
Little Miss Sunshine,2006,UA,101,Comedy,7.8,80,Jonathan Dayton,439856,59891098
Hot Fuzz,2007,UA,121,Action,7.8,81,Edgar Wright,463466,23637265
The Curious Case of Benjamin Button,2008,UA,166,Drama,7.8,70,David Fincher,589160,127509326
Veer-Zaara,2004,U,192,Drama,7.8,67,Yash Chopra,49050,2921738
Adams æbler,2005,R,94,Comedy,7.8,51,Anders Thomas Jensen,45717,1305
Pride & Prejudice,2005,PG,129,Drama,7.8,82,Joe Wright,258924,38405088
The World's Fastest Indian,2005,U,127,Biography,7.8,68,Roger Donaldson,51980,5128124
Tôkyô goddofâzâzu,2003,UA,90,Animation,7.8,73,Satoshi Kon,31658,128985
Serenity,2005,PG-13,119,Action,7.8,74,Joss Whedon,283310,25514517
Walk the Line,2005,PG-13,136,Biography,7.8,72,James Mangold,234207,119519402
Ondskan,2003,,113,Drama,7.8,61,Mikael Håfström,35682,15280
The Notebook,2004,A,123,Drama,7.8,53,Nick Cassavetes,520284,81001787
Diarios de motocicleta,2004,U,126,Adventure,7.8,75,Walter Salles,96703,16756372
Lilja 4-ever,2002,R,109,Crime,7.8,82,Lukas Moodysson,42673,181655
Les triplettes de Belleville,2003,PG-13,80,Animation,7.8,91,Sylvain Chomet,50622,7002255
Gongdong gyeongbi guyeok JSA,2000,,110,Action,7.8,58,Chan-wook Park,26518,
The Count of Monte Cristo,2002,PG-13,131,Action,7.8,61,Kevin Reynolds,129022,54234062
Waking Life,2001,R,99,Animation,7.8,83,Richard Linklater,60684,2892011
Remember the Titans,2000,U,113,Biography,7.8,48,Boaz Yakin,198089,115654751
Wo hu cang long,2000,UA,120,Action,7.8,94,Ang Lee,253228,128078872
Todo sobre mi madre,1999,R,101,Drama,7.8,87,Pedro Almodóvar,89058,8264530
Cast Away,2000,UA,143,Adventure,7.8,73,Robert Zemeckis,524235,233632142
The Boondock Saints,1999,R,108,Action,7.8,44,Troy Duffy,227143,25812
The Insider,1999,UA,157,Biography,7.8,84,Michael Mann,159886,28965197
October Sky,1999,PG,108,Biography,7.8,71,Joe Johnston,82855,32481825
Shrek,2001,U,90,Animation,7.8,84,Andrew Adamson,613941,267665011
Titanic,1997,UA,194,Drama,7.8,75,James Cameron,1046089,659325379
Hana-bi,1997,,103,Crime,7.8,,Takeshi Kitano,27712,233986
Gattaca,1997,UA,106,Drama,7.8,64,Andrew Niccol,280845,12339633
The Game,1997,UA,129,Action,7.8,61,David Fincher,345096,48323648
Breaking the Waves,1996,R,159,Drama,7.8,76,Lars von Trier,62428,4040691
Ed Wood,1994,U,127,Biography,7.8,70,Tim Burton,164937,5887457
What's Eating Gilbert Grape,1993,U,118,Drama,7.8,73,Lasse Hallström,215034,9170214
Tombstone,1993,R,130,Action,7.8,50,George P. Cosmatos,126871,56505065
The Sandlot,1993,U,101,Comedy,7.8,55,David Mickey Evans,78963,32416586
The Remains of the Day,1993,U,134,Drama,7.8,84,James Ivory,66065,22954968
Naked,1993,,132,Comedy,7.8,84,Mike Leigh,34635,1769305
The Fugitive,1993,U,130,Action,7.8,87,Andrew Davis,267684,183875760
A Bronx Tale,1993,R,121,Crime,7.8,80,Robert De Niro,128171,17266971
Batman: Mask of the Phantasm,1993,PG,76,Animation,7.8,,Kevin Altieri,43690,5617391
Lat sau san taam,1992,R,128,Action,7.8,,John Woo,46700,
Night on Earth,1991,R,129,Comedy,7.8,68,Jim Jarmusch,55362,2015810
La double vie de Véronique,1991,R,98,Drama,7.8,86,Krzysztof Kieslowski,42376,1999955
Boyz n the Hood,1991,A,112,Crime,7.8,76,John Singleton,126082,57504069
Misery,1990,R,107,Drama,7.8,75,Rob Reiner,184740,61276872
Awakenings,1990,U,121,Biography,7.8,74,Penny Marshall,125276,52096475
Majo no takkyûbin,1989,U,103,Animation,7.8,83,Hayao Miyazaki,124193,
Glory,1989,R,122,Biography,7.8,78,Edward Zwick,122779,26830000
Dip huet seung hung,1989,R,111,Action,7.8,82,John Woo,45624,
Back to the Future Part II,1989,U,108,Adventure,7.8,57,Robert Zemeckis,481918,118500000
Mississippi Burning,1988,A,128,Crime,7.8,65,Alan Parker,88214,34603943
Predator,1987,A,107,Action,7.8,45,John McTiernan,371387,59735548
Evil Dead II,1987,A,84,Action,7.8,72,Sam Raimi,148359,5923044
Ferris Bueller's Day Off,1986,U,103,Comedy,7.8,61,John Hughes,321382,70136369
Down by Law,1986,R,107,Comedy,7.8,75,Jim Jarmusch,47834,1436000
The Goonies,1985,U,114,Adventure,7.8,62,Richard Donner,244430,61503218
The Color Purple,1985,U,154,Drama,7.8,78,Steven Spielberg,78321,98467863
The Breakfast Club,1985,UA,97,Comedy,7.8,66,John Hughes,357026,45875171
The Killing Fields,1984,UA,141,Biography,7.8,76,Roland Joffé,51585,34700291
Ghostbusters,1984,UA,105,Action,7.8,71,Ivan Reitman,355413,238632124
The Right Stuff,1983,PG,193,Adventure,7.8,91,Philip Kaufman,56235,21500000
The King of Comedy,1982,U,109,Comedy,7.8,73,Martin Scorsese,88511,2500000
E.T. the Extra-Terrestrial,1982,U,115,Family,7.8,91,Steven Spielberg,372490,435110554
Kramer vs. Kramer,1979,A,105,Drama,7.8,77,Robert Benton,133351,106260000
Days of Heaven,1978,PG,94,Drama,7.8,93,Terrence Malick,52852,
The Outlaw Josey Wales,1976,A,135,Western,7.8,69,Clint Eastwood,65659,31800000
The Man Who Would Be King,1975,PG,129,Adventure,7.8,91,John Huston,44917,
The Conversation,1974,U,113,Drama,7.8,85,Francis Ford Coppola,98611,4420000
La planète sauvage,1973,U,72,Animation,7.8,73,René Laloux,25229,193817
The Day of the Jackal,1973,A,143,Crime,7.8,80,Fred Zinnemann,37445,16056255
Badlands,1973,PG,94,Action,7.8,93,Terrence Malick,66009,
Cabaret,1972,A,124,Drama,7.8,80,Bob Fosse,48334,42765000
Willy Wonka & the Chocolate Factory,1971,U,100,Family,7.8,67,Mel Stuart,178731,4000000
Midnight Cowboy,1969,A,113,Drama,7.8,79,John Schlesinger,101124,44785053
Wait Until Dark,1967,,108,Thriller,7.8,81,Terence Young,27733,17550741
Guess Who's Coming to Dinner,1967,,108,Comedy,7.8,63,Stanley Kramer,39642,56700000
Bonnie and Clyde,1967,A,111,Action,7.8,86,Arthur Penn,102415,
My Fair Lady,1964,U,170,Drama,7.8,95,George Cukor,86525,72000000
Mary Poppins,1964,U,139,Comedy,7.8,88,Robert Stevenson,158029,102272727
The Longest Day,1962,G,178,Action,7.8,75,Ken Annakin,52141,39100000
Jules et Jim,1962,,105,Drama,7.8,97,François Truffaut,37605,
The Innocents,1961,A,100,Horror,7.8,88,Jack Clayton,27007,2616000
À bout de souffle,1960,U,90,Crime,7.8,,Jean-Luc Godard,73251,336705
Red River,1948,Passed,133,Action,7.8,,Howard Hawks,28167,
Key Largo,1948,,100,Action,7.8,,John Huston,36995,
To Have and Have Not,1944,PG,100,Adventure,7.8,,Howard Hawks,31053,
Shadow of a Doubt,1943,PG,108,Film-Noir,7.8,94,Alfred Hitchcock,59556,
Stagecoach,1939,Passed,96,Adventure,7.8,93,John Ford,43621,
The Lady Vanishes,1938,,96,Mystery,7.8,98,Alfred Hitchcock,47400,
Bringing Up Baby,1938,Passed,102,Comedy,7.8,91,Howard Hawks,55163,
Bride of Frankenstein,1935,,75,Drama,7.8,95,James Whale,43542,4360000
Duck Soup,1933,,69,Comedy,7.8,93,Leo McCarey,55581,
Scarface: The Shame of the Nation,1932,PG,93,Action,7.8,87,Howard Hawks,25312,
Frankenstein,1931,Passed,70,Drama,7.8,91,James Whale,65341,
Roma,2018,R,135,Drama,7.7,96,Alfonso Cuarón,140375,
God's Own Country,2017,,104,Drama,7.7,85,Francis Lee,25198,335609
Deadpool 2,2018,R,119,Action,7.7,66,David Leitch,478586,324591735
Wind River,2017,R,107,Crime,7.7,73,Taylor Sheridan,205444,33800859
Get Out,2017,R,104,Horror,7.7,85,Jordan Peele,492851,176040665
Mission: Impossible - Fallout,2018,UA,147,Action,7.7,86,Christopher McQuarrie,291257,220159104
En man som heter Ove,2015,PG-13,116,Comedy,7.7,70,Hannes Holm,47444,3358518
What We Do in the Shadows,2014,R,86,Comedy,7.7,76,Jemaine Clement,157498,3333000
Omoide no Mânî,2014,U,103,Animation,7.7,72,James Simone,32798,765127
The Theory of Everything,2014,U,123,Biography,7.7,72,James Marsh,404182,35893537
Kingsman: The Secret Service,2014,A,129,Action,7.7,60,Matthew Vaughn,590440,128261724
The Fault in Our Stars,2014,UA,126,Drama,7.7,69,Josh Boone,344312,124872350
Me and Earl and the Dying Girl,2015,PG-13,105,Comedy,7.7,74,Alfonso Gomez-Rejon,123210,6743776
Birdman or (The Unexpected Virtue of Ignorance),2014,A,119,Comedy,7.7,87,Alejandro G. Iñárritu,580291,42340598
La vie d'Adèle,2013,A,180,Drama,7.7,89,Abdellatif Kechiche,138741,2199675
Kai po che!,2013,U,130,Drama,7.7,40,Abhishek Kapoor,32628,1122527
The Broken Circle Breakdown,2012,,111,Drama,7.7,70,Felix van Groeningen,39379,175058
Captain America: The Winter Soldier,2014,UA,136,Action,7.7,70,Anthony Russo,736182,259766572
Rockstar,2011,UA,159,Drama,7.7,,Imtiaz Ali,39501,985912
Nebraska,2013,UA,115,Adventure,7.7,87,Alexander Payne,112298,17654912
Wreck-It Ralph,2012,U,101,Animation,7.7,72,Rich Moore,380195,189422889
Le Petit Prince,2015,PG,108,Animation,7.7,70,Mark Osborne,56720,1339152
Detachment,2011,,98,Drama,7.7,52,Tony Kaye,77071,71177
Midnight in Paris,2011,PG-13,96,Comedy,7.7,81,Woody Allen,388089,56816662
The Lego Movie,2014,U,100,Animation,7.7,83,Christopher Miller,323982,257760692
Gravity,2013,UA,91,Drama,7.7,96,Alfonso Cuarón,769145,274092705
Star Trek Into Darkness,2013,UA,132,Action,7.7,72,J.J. Abrams,463188,228778661
Beasts of No Nation,2015,,137,Drama,7.7,79,Cary Joji Fukunaga,73964,83861
The Social Network,2010,UA,120,Biography,7.7,95,David Fincher,624982,96962694
X: First Class,2011,UA,131,Action,7.7,65,Matthew Vaughn,645512,146408305
The Hangover,2009,UA,100,Comedy,7.7,73,Todd Phillips,717559,277322503
Skyfall,2012,UA,143,Action,7.7,81,Sam Mendes,630614,304360277
Silver Linings Playbook,2012,A,122,Comedy,7.7,81,David O. Russell,661871,132092958
Argo,2012,A,120,Biography,7.7,86,Ben Affleck,572581,136025503
(500) Days of Summer,2009,UA,95,Comedy,7.7,76,Marc Webb,472242,32391374
Harry Potter and the Deathly Hallows: Part 1,2010,A,146,Adventure,7.7,65,David Yates,479120,295983305
Gake no ue no Ponyo,2008,U,101,Animation,7.7,86,Hayao Miyazaki,125317,15090400
Frost/Nixon,2008,R,122,Biography,7.7,80,Ron Howard,103330,18593156
Papurika,2006,U,90,Animation,7.7,81,Satoshi Kon,71379,881302
Changeling,2008,R,141,Biography,7.7,63,Clint Eastwood,239203,35739802
Flipped,2010,PG,90,Comedy,7.7,45,Rob Reiner,81446,1752214
Toki o kakeru shôjo,2006,U,98,Animation,7.7,,Mamoru Hosoda,60368,
Death Note: Desu nôto,2006,,126,Crime,7.7,,Shûsuke Kaneko,28630,
This Is England,2006,,101,Crime,7.7,86,Shane Meadows,115576,327919
Ex Machina,2014,UA,108,Drama,7.7,78,Alex Garland,474141,25442958
Efter brylluppet,2006,R,120,Drama,7.7,78,Susanne Bier,32001,412544
The Last King of Scotland,2006,R,123,Biography,7.7,74,Kevin Macdonald,175355,17605861
Zodiac,2007,UA,157,Crime,7.7,78,David Fincher,466080,33080084
Lucky Number Slevin,2006,R,110,Action,7.7,53,Paul McGuigan,299524,22494487
Joyeux Noël,2005,PG-13,116,Drama,7.7,70,Christian Carion,28003,1054361
Control,2007,R,122,Biography,7.7,78,Anton Corbijn,61609,871577
Tangled,2010,U,100,Animation,7.7,71,Nathan Greno,405922,200821936
Zwartboek,2006,R,145,Drama,7.7,71,Paul Verhoeven,72643,4398392
Brokeback Mountain,2005,A,134,Drama,7.7,87,Ang Lee,323103,83043761
3:10 to Yuma,2007,A,122,Action,7.7,76,James Mangold,288797,53606916
Crash,2004,UA,112,Crime,7.7,66,Paul Haggis,419483,54580300
Kung fu,2004,UA,99,Action,7.7,78,Stephen Chow,127250,17108591
The Bourne Supremacy,2004,A,108,Action,7.7,73,Paul Greengrass,434841,176241941
The Machinist,2004,R,101,Drama,7.7,61,Brad Anderson,358432,1082715
Ray,2004,A,152,Biography,7.7,73,Taylor Hackford,138356,75331600
Lost in Translation,2003,UA,102,Comedy,7.7,89,Sofia Coppola,415074,44585453
Harry Potter and the Goblet of Fire,2005,UA,157,Adventure,7.7,81,Mike Newell,548619,290013036
Man on Fire,2004,UA,146,Action,7.7,47,Tony Scott,329592,77911774
Coraline,2009,U,100,Animation,7.7,80,Henry Selick,197761,75286229
The Last Samurai,2003,UA,154,Action,7.7,55,Edward Zwick,400049,111110575
The Magdalene Sisters,2002,R,114,Drama,7.7,83,Peter Mullan,25938,4890878
Good Bye Lenin!,2003,R,121,Comedy,7.7,68,Wolfgang Becker,137981,4064200
In America,2002,PG-13,105,Drama,7.7,76,Jim Sheridan,40403,15539266
I Am Sam,2001,PG-13,132,Drama,7.7,28,Jessie Nelson,142863,40311852
Adaptation.,2002,R,115,Comedy,7.7,83,Spike Jonze,178565,22245861
Black Hawk Down,2001,A,144,Drama,7.7,74,Ridley Scott,364254,108638745
Road to Perdition,2002,A,117,Crime,7.7,72,Sam Mendes,246840,104454762
Das Experiment,2001,R,120,Drama,7.7,60,Oliver Hirschbiegel,90842,141072
Billy Elliot,2000,R,110,Drama,7.7,74,Stephen Daldry,126770,21995263
Hedwig and the Angry Inch,2001,R,95,Comedy,7.7,85,John Cameron Mitchell,31957,3029081
Ocean's Eleven,2001,UA,116,Crime,7.7,74,Steven Soderbergh,516372,183417150
Vampire Hunter D: Bloodlust,2000,U,103,Animation,7.7,62,Yoshiaki Kawajiri,29210,151086
"O Brother, Where Art Thou?",2000,U,107,Adventure,7.7,69,Joel Coen,286742,45512588
Interstate 60: Episodes of the Road,2002,R,116,Adventure,7.7,,Bob Gale,29999,
"South Park: Bigger, Longer & Uncut",1999,A,81,Animation,7.7,73,Trey Parker,192112,52037603
Office Space,1999,R,89,Comedy,7.7,68,Mike Judge,241575,10824921
Happiness,1998,,134,Comedy,7.7,81,Todd Solondz,66408,2807390
Training Day,2001,A,122,Crime,7.7,69,Antoine Fuqua,390247,76631907
Rushmore,1998,UA,93,Comedy,7.7,86,Wes Anderson,169229,17105219
Abre los ojos,1997,U,119,Drama,7.7,,Alejandro Amenábar,64082,368234
Being John Malkovich,1999,R,113,Comedy,7.7,90,Spike Jonze,312542,22858926
As Good as It Gets,1997,A,139,Comedy,7.7,67,James L. Brooks,275755,148478011
The Fifth Element,1997,UA,126,Action,7.7,52,Luc Besson,434125,63540020
Le dîner de cons,1998,PG-13,80,Comedy,7.7,73,Francis Veber,37424,4065116
Donnie Brasco,1997,A,127,Biography,7.7,76,Mike Newell,279318,41909762
Shine,1996,U,105,Biography,7.7,87,Scott Hicks,51350,35811509
Primal Fear,1996,A,129,Crime,7.7,47,Gregory Hoblit,189716,56116183
Hamlet,1996,PG-13,242,Drama,7.7,,Kenneth Branagh,35991,4414535
A Little Princess,1995,U,97,Drama,7.7,83,Alfonso Cuarón,32236,10019307
Do lok tin si,1995,UA,99,Comedy,7.7,71,Kar-Wai Wong,26429,
Il postino,1994,U,108,Biography,7.7,81,Michael Radford,33600,21848932
Clerks,1994,R,92,Comedy,7.7,70,Kevin Smith,211450,3151130
Short Cuts,1993,R,188,Comedy,7.7,79,Robert Altman,42275,6110979
Philadelphia,1993,UA,125,Drama,7.7,66,Jonathan Demme,224169,77324422
The Muppet Christmas Carol,1992,G,85,Comedy,7.7,64,Brian Henson,50298,27281507
Malcolm X,1992,U,202,Biography,7.7,73,Spike Lee,85819,48169908
The Last of the Mohicans,1992,UA,112,Action,7.7,76,Michael Mann,150409,75505856
Kurenai no buta,1992,U,94,Animation,7.7,83,Hayao Miyazaki,77798,
Glengarry Glen Ross,1992,R,100,Crime,7.7,82,James Foley,95826,10725228
A Few Good Men,1992,U,138,Drama,7.7,62,Rob Reiner,235388,141340178
Fried Green Tomatoes,1991,PG-13,130,Drama,7.7,64,Jon Avnet,66941,82418501
Barton Fink,1991,U,116,Comedy,7.7,69,Joel Coen,113240,6153939
Miller's Crossing,1990,R,115,Crime,7.7,66,Joel Coen,125822,5080409
Who Framed Roger Rabbit,1988,U,104,Animation,7.7,83,Robert Zemeckis,182009,156452370
Spoorloos,1988,,107,Mystery,7.7,,George Sluizer,33982,
Withnail & I,1987,R,107,Comedy,7.7,84,Bruce Robinson,40396,1544889
The Last Emperor,1987,U,163,Biography,7.7,76,Bernardo Bertolucci,94326,43984230
Empire of the Sun,1987,U,153,Action,7.7,62,Steven Spielberg,115677,22238696
Der Name der Rose,1986,R,130,Crime,7.7,54,Jean-Jacques Annaud,102031,7153487
Blue Velvet,1986,A,120,Drama,7.7,76,David Lynch,181285,8551228
The Purple Rose of Cairo,1985,U,82,Comedy,7.7,75,Woody Allen,47102,10631333
After Hours,1985,UA,97,Comedy,7.7,90,Martin Scorsese,59635,10600000
Zelig,1983,PG,79,Comedy,7.7,,Woody Allen,39881,11798616
The Verdict,1982,U,129,Drama,7.7,77,Sidney Lumet,36096,54000000
Star Trek II: The Wrath of Khan,1982,U,113,Action,7.7,67,Nicholas Meyer,112704,78912963
First Blood,1982,A,93,Action,7.7,61,Ted Kotcheff,226541,47212904
Ordinary People,1980,U,124,Drama,7.7,86,Robert Redford,47099,54800000
Airplane!,1980,U,88,Comedy,7.7,78,Jim Abrahams,214882,83400000
Rupan sansei: Kariosutoro no shiro,1979,U,100,Animation,7.7,71,Hayao Miyazaki,27014,
Halloween,1978,A,91,Horror,7.7,87,John Carpenter,233106,47000000
Le locataire,1976,R,126,Drama,7.7,71,Roman Polanski,39889,1924733
Love and Death,1975,PG,85,Comedy,7.7,89,Woody Allen,36037,
The Taking of Pelham One Two Three,1974,U,104,Action,7.7,68,Joseph Sargent,26729,
Blazing Saddles,1974,A,93,Comedy,7.7,73,Mel Brooks,125993,119500000
Serpico,1973,A,130,Biography,7.7,87,Sidney Lumet,109941,29800000
Enter the Dragon,1973,A,102,Action,7.7,83,Robert Clouse,96561,25000000
Deliverance,1972,U,109,Adventure,7.7,80,John Boorman,98740,7056013
The French Connection,1971,A,104,Action,7.7,94,William Friedkin,110075,15630710
Dirty Harry,1971,A,102,Action,7.7,90,Don Siegel,143292,35900000
Where Eagles Dare,1968,U,158,Action,7.7,63,Brian G. Hutton,51913,
The Odd Couple,1968,G,105,Comedy,7.7,86,Gene Saks,31572,44527234
The Dirty Dozen,1967,,150,Action,7.7,73,Robert Aldrich,67183,45300000
Belle de jour,1967,A,100,Drama,7.7,,Luis Buñuel,40274,26331
A Man for All Seasons,1966,U,120,Biography,7.7,72,Fred Zinnemann,31222,28350000
Repulsion,1965,,105,Drama,7.7,91,Roman Polanski,48883,
Zulu,1964,U,138,Drama,7.7,77,Cy Endfield,35999,
Goldfinger,1964,A,110,Action,7.7,87,Guy Hamilton,174119,51081062
The Birds,1963,A,119,Drama,7.7,90,Alfred Hitchcock,171739,11403529
Cape Fear,1962,Passed,106,Drama,7.7,76,J. Lee Thompson,26457,
Peeping Tom,1960,,101,Drama,7.7,,Michael Powell,31354,83957
The Magnificent Seven,1960,Approved,128,Action,7.7,74,John Sturges,87719,4905000
Les yeux sans visage,1960,,90,Drama,7.7,90,Georges Franju,27620,52709
Invasion of the Body Snatchers,1956,Approved,80,Drama,7.7,92,Don Siegel,44839,
Rebel Without a Cause,1955,PG-13,111,Drama,7.7,89,Nicholas Ray,83363,
The Ladykillers,1955,,91,Comedy,7.7,91,Alexander Mackendrick,26464,
Sabrina,1954,Passed,113,Comedy,7.7,72,Billy Wilder,59415,
The Quiet Man,1952,Passed,129,Comedy,7.7,,John Ford,34677,10550000
The Day the Earth Stood Still,1951,U,92,Drama,7.7,,Robert Wise,76315,
The African Queen,1951,PG,105,Adventure,7.7,91,John Huston,71481,536118
Gilda,1946,Approved,110,Drama,7.7,,Charles Vidor,27991,
Fantasia,1940,G,125,Animation,7.7,96,James Algar,88662,76408097
The Invisible Man,1933,TV-PG,71,Horror,7.7,87,James Whale,30683,
Dark Waters,2019,PG-13,126,Biography,7.6,73,Todd Haynes,60408,
Searching,2018,U/A,102,Drama,7.6,71,Aneesh Chaganty,140840,26020957
Once Upon a Time... in Hollywood,2019,A,161,Comedy,7.6,83,Quentin Tarantino,551309,142502728
Nelyubov,2017,R,127,Drama,7.6,86,Andrey Zvyagintsev,29765,566356
The Florida Project,2017,A,111,Drama,7.6,92,Sean Baker,95181,5904366
Just Mercy,2019,A,137,Biography,7.6,68,Destin Daniel Cretton,46739,
Gifted,2017,PG-13,101,Drama,7.6,60,Marc Webb,99643,24801212
The Peanut Butter Falcon,2019,PG-13,97,Adventure,7.6,70,Tyler Nilson,66346,13122642
Victoria,2015,,138,Crime,7.6,77,Sebastian Schipper,52903,
Mustang,2015,PG-13,97,Drama,7.6,83,Deniz Gamze Ergüven,35785,845464
Guardians of the Galaxy Vol. 2,2017,UA,136,Action,7.6,67,James Gunn,569974,389813101
Baby Driver,2017,UA,113,Action,7.6,86,Edgar Wright,439406,107825862
Only the Brave,2017,UA,134,Action,7.6,72,Joseph Kosinski,58371,18340051
Bridge of Spies,2015,UA,142,Drama,7.6,81,Steven Spielberg,287659,72313754
Incredibles 2,2018,UA,118,Animation,7.6,80,Brad Bird,250057,608581744
Moana,2016,U,107,Animation,7.6,81,Ron Clements,272784,248757044
Sicario,2015,A,121,Action,7.6,82,Denis Villeneuve,371291,46889293
Creed,2015,A,133,Drama,7.6,82,Ryan Coogler,247666,109767581
Leviafan,2014,R,140,Crime,7.6,92,Andrey Zvyagintsev,49397,1092800
Hell or High Water,2016,R,102,Action,7.6,88,David Mackenzie,204175,26862450
Philomena,2013,PG-13,98,Biography,7.6,77,Stephen Frears,94212,37707719
Dawn of the Planet of the Apes,2014,UA,130,Action,7.6,79,Matt Reeves,411599,208545589
El cuerpo,2012,,112,Mystery,7.6,,Oriol Paulo,57549,
Serbuan maut,2011,A,101,Action,7.6,73,Gareth Evans,190531,4105123
End of Watch,2012,A,109,Action,7.6,68,David Ayer,228132,41003371
Kari-gurashi no Arietti,2010,U,94,Animation,7.6,80,Hiromasa Yonebayashi,80939,19202743
A Star Is Born,2018,UA,136,Drama,7.6,88,Bradley Cooper,334312,215288866
True Grit,2010,PG-13,110,Drama,7.6,80,Ethan Coen,311822,171243005
Hævnen,2010,R,118,Drama,7.6,65,Susanne Bier,38491,1008098
Despicable Me,2010,U,95,Animation,7.6,72,Pierre Coffin,500851,251513985
50/50,2011,R,100,Comedy,7.6,72,Jonathan Levine,315426,35014192
Kick-Ass,2010,UA,117,Action,7.6,66,Matthew Vaughn,524081,48071303
Celda 211,2009,,113,Action,7.6,,Daniel Monzón,63882,
Moneyball,2011,PG-13,133,Biography,7.6,87,Bennett Miller,369529,75605492
La piel que habito,2011,R,120,Drama,7.6,70,Pedro Almodóvar,138959,3185812
Zombieland,2009,A,88,Adventure,7.6,73,Ruben Fleischer,520041,75590286
Die Welle,2008,,107,Drama,7.6,,Dennis Gansel,102742,
Sherlock Holmes,2009,PG-13,128,Action,7.6,57,Guy Ritchie,583158,209028679
The Blind Side,2009,UA,129,Biography,7.6,53,John Lee Hancock,293266,255959475
The Visitor,2007,PG-13,104,Drama,7.6,79,Tom McCarthy,41544,9422422
Seven Pounds,2008,UA,123,Drama,7.6,36,Gabriele Muccino,286770,69951824
Eastern Promises,2007,R,100,Action,7.6,82,David Cronenberg,227760,17114882
Stardust,2007,U,127,Adventure,7.6,66,Matthew Vaughn,255036,38634938
The Secret of Kells,2009,,71,Animation,7.6,81,Tomm Moore,31779,686383
Inside Man,2006,R,129,Crime,7.6,76,Spike Lee,339757,88513495
Gone Baby Gone,2007,R,114,Crime,7.6,72,Ben Affleck,250590,20300218
La Vie En Rose,2007,PG-13,140,Biography,7.6,66,Olivier Dahan,82781,10301706
Huo Yuan Jia,2006,PG-13,104,Action,7.6,70,Ronny Yu,72863,24633730
The Illusionist,2006,U,110,Drama,7.6,68,Neil Burger,354728,39868642
Dead Man's Shoes,2004,,90,Crime,7.6,52,Shane Meadows,49728,6013
Harry Potter and the Half-Blood Prince,2009,UA,153,Action,7.6,78,David Yates,474827,301959197
300,2006,A,117,Action,7.6,52,Zack Snyder,732876,210614939
Match Point,2005,R,124,Drama,7.6,72,Woody Allen,206294,23089926
Watchmen,2009,A,162,Action,7.6,56,Zack Snyder,500799,107509799
Lord of War,2005,R,122,Action,7.6,62,Andrew Niccol,294140,24149632
Saw,2004,UA,103,Horror,7.6,46,James Wan,379020,56000369
"Synecdoche, New York",2008,R,124,Drama,7.6,67,Charlie Kaufman,83158,3081925
Mysterious Skin,2004,R,105,Drama,7.6,73,Gregg Araki,65939,697181
Jeux d'enfants,2003,R,93,Comedy,7.6,45,Yann Samuell,67360,548707
Un long dimanche de fiançailles,2004,U,133,Drama,7.6,76,Jean-Pierre Jeunet,70925,6167817
The Station Agent,2003,R,89,Comedy,7.6,81,Tom McCarthy,67370,5739376
21 Grams,2003,UA,124,Crime,7.6,70,Alejandro G. Iñárritu,224545,16290476
Boksuneun naui geot,2002,R,129,Crime,7.6,56,Chan-wook Park,62659,45289
Finding Neverland,2004,U,106,Biography,7.6,67,Marc Forster,198677,51680613
25th Hour,2002,R,135,Drama,7.6,68,Spike Lee,169708,13060843
The Butterfly Effect,2004,U,113,Drama,7.6,30,Eric Bress,451479,57938693
28 Days Later...,2002,A,113,Drama,7.6,73,Danny Boyle,376853,45064915
Batoru rowaiaru,2000,,114,Action,7.6,81,Kinji Fukasaku,169091,
The Royal Tenenbaums,2001,A,110,Comedy,7.6,76,Wes Anderson,266842,52364010
Y tu mamá también,2001,A,106,Drama,7.6,88,Alfonso Cuarón,115827,13622333
Harry Potter and the Sorcerer's Stone,2001,U,152,Adventure,7.6,64,Chris Columbus,658185,317575550
The Others,2001,PG-13,101,Horror,7.6,74,Alejandro Amenábar,337651,96522687
Blow,2001,R,124,Biography,7.6,52,Ted Demme,240714,52990775
Enemy at the Gates,2001,A,131,Drama,7.6,53,Jean-Jacques Annaud,243729,51401758
Minority Report,2002,A,145,Action,7.6,80,Steven Spielberg,508417,132072926
The Hurricane,1999,R,146,Biography,7.6,74,Norman Jewison,91557,50668906
American Psycho,2000,A,101,Comedy,7.6,64,Mary Harron,490062,15070285
Lola rennt,1998,UA,81,Crime,7.6,77,Tom Tykwer,188317,7267585
The Thin Red Line,1998,A,170,Drama,7.6,78,Terrence Malick,172710,36400491
Mulan,1998,U,88,Animation,7.6,71,Tony Bancroft,256906,120620254
Fear and Loathing in Las Vegas,1998,R,118,Adventure,7.6,41,Terry Gilliam,259753,10680275
Funny Games,1997,A,108,Crime,7.6,69,Michael Haneke,65058,
Dark City,1998,A,100,Mystery,7.6,66,Alex Proyas,187927,14378331
Sleepers,1996,UA,147,Crime,7.6,49,Barry Levinson,186734,49100000
Lost Highway,1997,A,134,Mystery,7.6,52,David Lynch,131101,3796699
Sense and Sensibility,1995,U,136,Drama,7.6,84,Ang Lee,102598,43182776
Die Hard: With a Vengeance,1995,A,128,Action,7.6,58,John McTiernan,364420,100012499
Dead Man,1995,R,121,Adventure,7.6,62,Jim Jarmusch,90442,1037847
The Bridges of Madison County,1995,A,135,Drama,7.6,69,Clint Eastwood,73172,71516617
Apollo 13,PG,U,140,Adventure,7.6,77,Ron Howard,269197,173837933
Trois couleurs: Blanc,1994,U,92,Comedy,7.6,88,Krzysztof Kieslowski,64390,1464625
Falling Down,1993,R,113,Action,7.6,56,Joel Schumacher,171640,40903593
Dazed and Confused,1993,U,102,Comedy,7.6,78,Richard Linklater,165465,7993039
My Cousin Vinny,1992,UA,120,Comedy,7.6,68,Jonathan Lynn,107325,52929168
Omohide poro poro,1991,U,118,Animation,7.6,90,Isao Takahata,27071,453243
Delicatessen,1991,R,99,Comedy,7.6,66,Marc Caro,80487,1794187
Home Alone,1990,U,103,Comedy,7.6,63,Chris Columbus,488817,285761243
The Godfather: Part III,1990,A,162,Crime,7.6,60,Francis Ford Coppola,359809,66666062
When Harry Met Sally...,1989,UA,95,Comedy,7.6,76,Rob Reiner,195663,92823600
The Little Mermaid,1989,U,83,Animation,7.6,88,Ron Clements,237696,111543479
The Naked Gun: From the Files of Police Squad!,1988,U,85,Comedy,7.6,76,David Zucker,152871,78756177
"Planes, Trains & Automobiles",1987,U,93,Comedy,7.6,72,John Hughes,124773,49530280
Lethal Weapon,1987,A,109,Action,7.6,68,Richard Donner,236894,65207127
Blood Simple,1984,A,99,Crime,7.6,82,Joel Coen,87745,2150000
On Golden Pond,1981,UA,109,Drama,7.6,68,Mark Rydell,27650,119285432
Mad Max 2,1981,A,96,Action,7.6,77,George Miller,166588,12465371
The Warriors,1979,UA,92,Action,7.6,65,Walter Hill,93878,22490039
The Muppet Movie,1979,U,95,Adventure,7.6,74,James Frawley,32802,76657000
Escape from Alcatraz,1979,A,112,Action,7.6,76,Don Siegel,121731,43000000
Watership Down,1978,U,91,Animation,7.6,64,Martin Rosen,33656,
Midnight Express,1978,A,121,Biography,7.6,59,Alan Parker,73662,35000000
Close Encounters of the Third Kind,1977,U,138,Drama,7.6,90,Steven Spielberg,184966,132088635
The Long Goodbye,1973,A,112,Comedy,7.6,87,Robert Altman,26337,959000
Giù la testa,1971,PG,157,Drama,7.6,77,Sergio Leone,30144,696690
Kelly's Heroes,1970,GP,144,Adventure,7.6,50,Brian G. Hutton,45338,1378435
The Jungle Book,1967,U,78,Animation,7.6,65,Wolfgang Reitherman,166409,141843612
Blowup,1966,A,111,Drama,7.6,82,Michelangelo Antonioni,56513,
A Hard Day's Night,1964,U,87,Comedy,7.6,96,Richard Lester,40351,13780024
Breakfast at Tiffany's,1961,A,115,Comedy,7.6,76,Blake Edwards,166544,
Giant,1956,G,201,Drama,7.6,84,George Stevens,34075,
From Here to Eternity,1953,Passed,118,Drama,7.6,85,Fred Zinnemann,43374,30500000
Lifeboat,1944,,97,Drama,7.6,78,Alfred Hitchcock,26471,
The 39 Steps,1935,,86,Crime,7.6,93,Alfred Hitchcock,51853,